# Name,   Type, SubType,  Offset,   Size,     Flags
# Dual-OTA layout (16MB flash): the web UI /api/ota pushes a raw app image
# into the inactive slot; CONFIG_BOOTLOADER_APP_ROLLBACK_ENABLE makes the
# bootloader auto-revert if the new image never reaches app_main.
nvs,      data, nvs,      0x9000,   0x6000,
otadata,  data, ota,      0xF000,   0x2000,
phy_init, data, phy,      0x11000,  0x1000,
ota_0,    app,  ota_0,    0x20000,  0x400000,
ota_1,    app,  ota_1,    0x420000, 0x400000,
storage,  data, spiffs,   0x820000, 0x7E0000,
